-------------------------------------------------------------------------------------------------,,,,
time, convergence factor, orbit distance average, orbit distance variance, orbit distance std dev
1,0.04,41.486,392.946075,19.8228664
2,0.1,34.093,351.924133,18.7596416
3,0.12,27.091,295.742615,17.1971684
4,0.24,20.588,230.961166,15.1974068
5,0.2,15.152,155.353226,12.464077
6,0.32,9.8454,101.064301,10.0530739
7,0.5,5.6818,55.0848312,7.42191553
8,0.64,3.0897,23.6865978,4.86688805
9,0.7,2.1199,12.2822609,3.50460553
10,0.72,1.7203,5.63812399,2.37447333
11,0.66,2.0167,5.17068386,2.27391386
12,0.82,1.2229,1.78116691,1.33460367
13,0.86,1.0777,1.71918488,1.3111769
14,0.86,0.82157,1.15336454,1.07394814
15,0.9,0.77642,1.71490765,1.3095448
16,0.88,1.0017,2.52109575,1.58779585
17,0.78,1.3825,3.71627641,1.92776465
18,0.76,1.5178,5.97353363,2.44408131
19,0.82,1.2264,5.41433811,2.32687306
20,0.84,1.1588,5.3816843,2.31984568
21,0.84,1.1424,3.39918852,1.84368885
22,0.88,1.0743,1.884552,1.37278986
23,0.8,1.1294,1.16559732,1.07962835
24,0.76,1.0847,1.10086143,1.04921949
25,0.86,0.93997,0.889266014,0.943009019
26,0.88,0.83134,0.689970851,0.830644846
27,0.92,0.72044,0.577554941,0.759970367
28,0.86,0.86352,1.06553245,1.03224623
29,0.88,0.81077,0.751100063,0.866660297
30,0.86,0.80684,0.703934491,0.839008033
31,0.88,0.87512,0.850229025,0.922078669
32,0.86,0.97899,1.03958416,1.01960003
33,0.8,0.98965,1.2042768,1.09739554
34,0.84,0.94561,0.986043394,0.992997169
35,0.86,0.85861,0.938570201,0.968798339
36,0.94,0.74699,0.62003547,0.787423313
37,0.84,0.90328,1.11745799,1.05709887
38,0.82,0.92497,1.07404494,1.03636146
39,0.88,0.88266,0.678754628,0.823865652
40,0.9,0.79868,0.742901921,0.861917555
41,0.94,0.7312,0.542584658,0.736603439
42,0.88,0.82218,0.853144407,0.923658192
43,0.92,0.72967,0.612190545,0.782426059
44,0.86,0.832,0.703746796,0.838896215
45,0.94,0.78552,0.603192031,0.776654363
46,0.82,1.015,1.66949439,1.29208922
47,0.84,1.0383,1.4256947,1.19402456
48,0.86,0.89635,1.18176544,1.08709037
49,0.88,0.88098,1.23341262,1.11059117
50,0.94,0.7185,0.653304517,0.808272541
51,0.88,0.8498,0.998074293,0.99903667
52,0.9,0.82987,0.914539397,0.956315517
53,0.9,0.93895,0.982148886,0.991034269
54,0.84,0.93773,1.12960303,1.06282783
55,0.88,0.89957,0.844820499,0.919141173
56,0.88,0.80214,0.794139564,0.891145051
57,0.88,0.74887,0.771934867,0.878598273
58,0.86,0.82984,0.810961783,0.900534153
59,0.86,0.82504,0.734750509,0.857175887
60,0.86,0.8545,0.843285978,0.918306053
61,0.82,1.0102,0.997693837,0.998846233
62,0.82,0.95209,1.05620146,1.02771664
63,0.82,0.90651,1.02083528,1.01036394
64,0.88,0.78946,0.651882052,0.80739212
65,0.88,0.75805,0.781312823,0.883919001
66,0.9,0.85637,1.04758656,1.02351677
67,0.84,0.88162,0.929189086,0.963944554
68,0.86,0.96656,1.20698404,1.09862828
69,0.82,0.96034,1.15192389,1.07327724
70,0.88,0.87364,0.807688236,0.898714781
71,0.86,0.86628,0.869999886,0.932737887
72,0.92,0.82123,0.687941551,0.829422414
73,0.92,0.76746,0.757300019,0.8702299
74,0.88,0.81928,0.703462541,0.838726759
75,0.86,0.92362,0.810246229,0.900136769
76,0.84,0.96135,1.15001845,1.07238913
77,0.82,0.9383,1.4236244,1.19315732
78,0.9,0.90509,1.31192803,1.14539433
79,0.88,0.77125,0.694345534,0.833274007
80,0.92,0.74198,0.593821466,0.770598114
81,0.84,0.9143,0.95327282,0.976356924
82,0.86,0.94104,0.965810359,0.982756495
83,0.8,0.94747,0.859515786,0.927100718
84,0.9,0.92595,0.838125348,0.915491879
85,0.86,0.79166,0.706168771,0.840338528
86,0.9,0.75948,0.651297927,0.80703032
87,0.92,0.69241,0.614892185,0.7841506
88,0.88,0.78637,0.721571445,0.849453628
89,0.84,0.84319,0.796674609,0.892566323
90,0.88,0.86891,0.793421865,0.890742302
91,0.8,0.99958,1.21586442,1.10266244
92,0.82,0.95254,1.23248065,1.11017144
93,0.84,0.90124,1.22419238,1.10643232
94,0.92,0.76804,0.610448182,0.78131181
95,0.86,0.84466,0.82051003,0.905820072
96,0.84,0.9311,1.12010741,1.05835128
97,0.82,0.91786,0.949964941,0.97466141
98,0.84,0.86918,0.855952501,0.925177038
99,0.88,0.81971,0.715069473,0.845617771
100,0.88,0.7796,0.716988385,0.84675163
101,0.9,0.71012,0.600560188,0.774958193
102,0.86,0.82095,0.758595228,0.870973766
103,0.88,0.81385,0.735033333,0.857340872
104,0.82,0.95749,0.953518033,0.976482451
105,0.82,1.0566,1.59291661,1.26210797
106,0.82,1.0749,1.4806267,1.21680999
107,0.82,0.88635,1.05271685,1.02601993
108,0.88,0.86876,1.15637565,1.07534909
109,0.86,0.76527,0.897428751,0.947327137
110,0.88,0.83196,0.844193637,0.918800116
111,0.82,0.91579,1.11164725,1.0543468
112,0.84,0.93332,1.04095852,1.02027369
113,0.84,0.93543,1.05138528,1.02537084
114,0.86,0.92726,0.879075229,0.937590122
115,0.86,0.84228,0.851597607,0.922820449
116,0.92,0.81187,0.808403611,0.899112701
117,0.88,0.77811,0.738256931,0.859218776
118,0.86,0.86234,0.843859971,0.9186185
119,0.84,0.89661,0.969039977,0.984398305
120,0.8,0.98811,1.31889606,1.14843202
,,,,
-------------------------------------------------------------------------------------------------,,,,
time, convergence factor, orbit distance average, orbit distance variance, orbit distance std dev
1,0.04,38.443,447.652252,21.157795
2,0.1,30.833,421.48761,20.5301628
3,0.2,24.032,360.062347,18.9753094
4,0.28,17.964,283.73999,16.8445835
5,0.38,12.718,205.295486,14.3281364
6,0.48,8.7349,129.639038,11.3859138
7,0.58,5.768,73.059082,8.54746056
8,0.62,3.6944,34.7157402,5.8920064
9,0.72,2.4641,14.9212208,3.86279964
10,0.68,1.8802,4.8615303,2.20488787
11,0.76,1.5639,5.90852928,2.43074656
12,0.86,0.92427,1.47877264,1.216048
13,0.84,0.98991,1.70970869,1.3075583
14,0.92,0.75801,0.967739642,0.983737588
15,0.88,1.0065,2.31098509,1.5201925
16,0.94,0.83121,1.3439976,1.15930915
17,0.88,0.81923,0.862214148,0.928554893
18,0.88,0.67893,0.643288553,0.802052736
19,0.94,0.63687,0.492038727,0.701454699
20,0.9,0.66872,0.519457519,0.72073406
21,0.9,0.74149,0.686728597,0.828690886
22,0.94,0.68204,0.68371141,0.826868415
23,0.96,0.62869,0.591960013,0.769389391
24,0.96,0.68821,0.572786391,0.75682652
25,0.9,0.68713,0.644910812,0.803063393
26,0.96,0.663,0.416161358,0.64510566
27,0.94,0.70477,0.638158858,0.79884845
28,0.88,0.79302,0.911645472,0.954801261
29,0.98,0.61917,0.461096257,0.67904067
30,0.92,0.67623,0.570671558,0.755428076
31,0.92,0.71785,0.606624126,0.778860807
32,0.94,0.64003,0.417209536,0.645917594
33,0.96,0.60796,0.393049628,0.626936674
34,0.92,0.66424,0.543190539,0.737014651
35,0.9,0.66562,0.599444568,0.77423805
36,0.92,0.70224,0.6091429,0.780476093
37,0.94,0.73167,0.849931896,0.921917498
38,0.86,0.74826,0.700033963,0.836680353
39,0.96,0.62587,0.416915685,0.645690084
40,0.92,0.67792,0.705235064,0.839782715
41,0.94,0.6987,0.466587991,0.683072448
42,0.9,0.73601,0.664045453,0.814889848
43,0.92,0.63516,0.418712318,0.647079825
44,0.94,0.65211,0.624636054,0.790339172
45,0.92,0.67217,0.574303627,0.757828236
46,0.94,0.67243,0.573654413,0.757399797
47,0.94,0.706,0.675365031,0.821805954
48,0.88,0.7239,0.629803419,0.793601573
49,0.94,0.62224,0.411677301,0.641620874
50,0.92,0.62608,0.544649541,0.738003731
51,0.94,0.68701,0.783565879,0.885192573
52,0.9,0.74969,0.823451757,0.907442451
53,0.94,0.66612,0.435939699,0.66025728
54,0.98,0.60452,0.447668403,0.669080257
55,0.94,0.65797,0.535119593,0.731518686
56,0.94,0.70452,0.604181707,0.777291238
57,0.96,0.62588,0.404207051,0.635772765
58,0.88,0.79663,1.01800716,1.00896335
59,0.94,0.5935,0.466116846,0.682727516
60,0.92,0.65561,0.472249717,0.687204301
61,0.98,0.64755,0.395617723,0.628981531
62,0.92,0.73528,0.67399615,0.820972681
63,0.92,0.66963,0.517830849,0.719604671
64,0.92,0.61932,0.51668483,0.718807936
65,0.9,0.68699,0.682896197,0.826375306
66,0.94,0.67451,0.435825497,0.660170794
67,0.9,0.68636,0.596341729,0.772231638
68,0.9,0.7711,0.764310837,0.874248743
69,0.96,0.61942,0.508360028,0.712993681
70,0.92,0.63167,0.456860423,0.675914526
71,0.96,0.64457,0.48957482,0.699696243
72,0.88,0.75548,0.829156041,0.910580099
73,0.96,0.69023,0.715158343,0.845670342
74,0.94,0.62051,0.464016646,0.681187689
75,0.94,0.68279,0.599929452,0.774551094
76,0.96,0.63151,0.408414632,0.639073253
77,0.92,0.70744,0.658288062,0.811349571
78,0.96,0.68828,0.480627507,0.693273067
79,0.9,0.69073,0.669702232,0.818353355
80,0.92,0.61086,0.463442266,0.680765927
81,0.9,0.65563,0.459624439,0.677956045
82,0.88,0.70192,0.546398938,0.739188015
83,0.94,0.72187,0.561071098,0.749046803
84,0.92,0.6711,0.555889308,0.745579839
85,0.94,0.6541,0.464003563,0.681178093
86,0.94,0.60035,0.497567415,0.705384612
87,0.92,0.70412,0.472755134,0.687571883
88,0.92,0.72755,0.814072311,0.902259529
89,0.88,0.70746,0.740506411,0.8605268
90,0.96,0.6388,0.562777162,0.750184774
91,0.96,0.66073,0.554373622,0.744562685
92,0.96,0.69292,0.537051857,0.732838213
93,0.94,0.69731,0.737181127,0.85859251
94,0.9,0.6784,0.639205396,0.799503207
95,0.92,0.72831,0.835151076,0.913865983
96,0.92,0.66687,0.578944564,0.760884047
97,0.96,0.66528,0.436146736,0.6604141
98,0.94,0.69175,0.72911799,0.853884041
99,0.94,0.71573,0.564510942,0.751339436
100,0.94,0.61755,0.441672206,0.664584219
101,0.9,0.69424,0.677514434,0.823112667
102,0.92,0.70667,0.547421157,0.739879131
103,0.94,0.6756,0.45626992,0.675477564
104,0.96,0.65746,0.623089552,0.789360225
105,0.92,0.62399,0.537878811,0.733402193
106,0.92,0.65379,0.411439717,0.641435683
107,0.92,0.68995,0.513967156,0.716915011
108,0.92,0.71291,0.648743749,0.805446267
109,0.94,0.68032,0.637121022,0.79819864
110,0.96,0.61247,0.699636281,0.836442649
111,0.94,0.62882,0.478081644,0.691434503
112,0.92,0.70011,0.702051044,0.837884843
113,0.92,0.73041,0.597171366,0.772768617
114,1,0.62845,0.294225246,0.542425334
115,0.94,0.61259,0.61458081,0.783952057
116,0.9,0.74887,0.842712998,0.917994022
117,0.94,0.62778,0.469449997,0.685164213
118,0.92,0.67449,0.482169956,0.694384575
119,0.92,0.73303,0.82626909,0.908993423
120,0.94,0.62639,0.436772406,0.660887599
,,,,
-------------------------------------------------------------------------------------------------,,,,
time, convergence factor, orbit distance average, orbit distance variance, orbit distance std dev
1,0.08,36.335,428.802979,20.7075577
2,0.14,29.201,375.913727,19.3884945
3,0.2,22.566,308.706909,17.5700569
4,0.34,16.707,228.867157,15.128356
5,0.3,11.863,148.785995,12.1977863
6,0.46,7.7033,86.9167557,9.32291603
7,0.58,4.5958,42.3175316,6.50519276
8,0.64,2.7671,15.2138281,3.90049076
9,0.64,1.8464,4.9987998,2.23579955
10,0.82,1.2752,2.4719162,1.57223284
11,0.82,1.4336,3.73135686,1.93167198
12,0.82,1.2691,2.70077348,1.64340305
13,0.86,1.065,2.56061864,1.60019326
14,0.92,0.79742,0.945783973,0.972514272
15,0.9,0.75705,0.693568647,0.83280766
16,0.88,0.76289,0.691228151,0.831401348
17,0.92,0.71111,0.57527405,0.758468211
18,0.9,0.77743,0.641441762,0.800900638
19,0.92,0.74413,0.62513876,0.790657163
20,0.9,0.70603,0.531715989,0.729188561
21,0.94,0.68337,0.471155018,0.686407328
22,0.88,0.81853,1.07722294,1.03789353
23,0.92,0.72196,0.611527622,0.78200233
24,0.92,0.72747,0.695931852,0.834225297
25,0.92,0.70952,0.65477407,0.809181094
26,0.92,0.72374,0.613389015,0.783191562
27,0.94,0.71219,0.749232829,0.865582347
28,0.9,0.76403,0.769869626,0.877422154
29,0.96,0.64191,0.379971087,0.616417944
30,0.94,0.71867,0.600906312,0.775181472
31,0.94,0.6668,0.451513499,0.671947539
32,0.88,0.73641,0.718928993,0.847896814
33,0.92,0.68461,0.547120333,0.73967582
34,0.92,0.70567,0.766159832,0.875305533
35,0.94,0.67515,0.547418237,0.739877164
36,0.92,0.77009,0.863843262,0.929431677
37,0.92,0.74587,0.692553699,0.832198083
38,0.96,0.67109,0.421877414,0.649520934
39,0.9,0.69669,0.609980941,0.781012774
40,0.96,0.66645,0.449916095,0.67075783
41,0.92,0.73867,0.687045157,0.82888186
42,0.88,0.78654,0.644029438,0.802514434
43,0.9,0.74388,0.804252803,0.896801412
44,0.92,0.64003,0.618595719,0.78650856
45,0.9,0.7007,0.592448235,0.769706607
46,0.92,0.71959,0.783958912,0.885414541
47,0.92,0.74942,0.585358918,0.765087485
48,0.9,0.7377,0.639670491,0.799794018
49,0.9,0.73384,0.797302127,0.892917752
50,0.94,0.64349,0.430114746,0.655831337
51,0.94,0.7084,0.806229293,0.897902727
52,0.92,0.74668,0.690037131,0.830684721
53,0.9,0.70253,0.503620207,0.70966208
54,0.94,0.64011,0.532514274,0.729735732
55,0.94,0.71139,0.749440849,0.86570251
56,0.94,0.75269,0.717083693,0.846807957
57,0.92,0.7418,0.775568724,0.880663812
58,0.92,0.74006,0.560387969,0.748590648
59,0.92,0.66483,0.504983127,0.710621655
60,0.92,0.62113,0.533758163,0.730587542
61,0.92,0.65819,0.410666436,0.640832603
62,0.92,0.74093,0.697455704,0.835138142
63,0.9,0.76945,0.680800378,0.825106263
64,0.94,0.64293,0.454634696,0.67426604
65,0.9,0.69283,0.691078663,0.831311405
66,0.84,0.74777,0.662009418,0.813639581
67,0.94,0.73273,0.679020524,0.824027002
68,0.92,0.7489,0.669205248,0.818049669
69,0.92,0.71399,0.572418272,0.756583273
70,0.92,0.66267,0.720483303,0.848812878
71,0.9,0.70159,0.605859578,0.778369844
72,0.94,0.72068,0.469808161,0.68542552
73,0.88,0.7626,0.82112509,0.90615952
74,0.92,0.68104,0.528421342,0.726925969
75,0.92,0.65568,0.70993042,0.842573702
76,0.9,0.74692,0.807894409,0.89882946
77,0.92,0.70292,0.424553901,0.651578009
78,0.92,0.7119,0.612755656,0.782787085
79,0.88,0.7452,0.701045632,0.837284684
80,0.9,0.67572,0.514861643,0.717538595
81,0.94,0.62911,0.43746084,0.661408246
82,0.88,0.7298,0.571947575,0.756272137
83,0.92,0.74914,0.607527971,0.779440761
84,0.94,0.64833,0.610285521,0.78120774
85,0.96,0.61766,0.387323111,0.622352898
86,0.9,0.69066,0.61857909,0.78649801
87,0.88,0.76392,0.670571625,0.818884373
88,0.92,0.70213,0.440907061,0.664008319
89,0.9,0.71242,0.673875213,0.820899069
90,0.96,0.65803,0.463279516,0.68064636
91,0.96,0.62253,0.440275043,0.663532257
92,0.92,0.70507,0.530617714,0.728435099
93,0.92,0.74242,0.493526608,0.70251447
94,0.9,0.74426,0.795099556,0.891683578
95,0.96,0.62939,0.504610062,0.710359097
96,0.94,0.70876,0.841878355,0.917539299
97,0.9,0.74701,0.712540567,0.844121158
98,0.9,0.72631,0.51366663,0.716705382
99,0.96,0.73475,0.663956702,0.81483537
100,0.88,0.74558,0.739179373,0.859755397
101,0.94,0.60438,0.379720092,0.616214335
102,0.94,0.6865,0.484037995,0.695728421
103,0.88,0.77327,0.617986083,0.786120892
104,0.94,0.67982,0.569296658,0.754517496
105,0.92,0.63818,0.626053035,0.791235149
106,0.9,0.67072,0.521009505,0.721809864
107,0.9,0.71939,0.593563676,0.770430803
108,0.88,0.79379,0.719446361,0.848201871
109,0.9,0.78562,0.897063792,0.947134495
110,0.9,0.71773,0.716282725,0.846334875
111,0.92,0.65786,0.46301505,0.680452108
112,0.94,0.71473,0.770042956,0.877520919
113,0.88,0.75494,0.645035625,0.803141117
114,0.92,0.70893,0.532146573,0.729483783
115,0.92,0.68806,0.786877155,0.887061
116,0.92,0.71513,0.681591928,0.825585783
117,0.92,0.71103,0.526813805,0.725819409
118,0.9,0.78128,0.822656751,0.907004237
119,0.94,0.71984,0.516369224,0.718588352
120,0.92,0.68797,0.765715301,0.875051618
,,,,
-------------------------------------------------------------------------------------------------,,,,
time, convergence factor, orbit distance average, orbit distance variance, orbit distance std dev
1,0.06,43.025,381.019531,19.519722
2,0.06,35.527,345.329132,18.5830326
3,0.1,28.338,299.106659,17.2947006
4,0.16,21.551,243.413284,15.6017075
5,0.3,15.426,180.454941,13.4333515
6,0.38,10.183,116.525749,10.7947092
7,0.42,6.1309,64.9962463,8.06202507
8,0.54,3.645,30.465868,5.51958942
9,0.58,2.9722,15.8934937,3.98666453
10,0.7,2.0452,5.78304148,2.40479541
11,0.72,1.6625,3.70827675,1.92568862
12,0.88,1.0539,1.52461946,1.2347548
13,0.84,0.94393,1.33100736,1.15369296
14,0.86,1.1082,3.7792511,1.94402957
15,0.84,0.85053,0.919059396,0.958675861
16,0.92,0.76029,0.844231844,0.918820858
17,0.94,0.81255,0.673440397,0.820634186
18,0.88,0.94335,1.27594972,1.12957942
19,0.82,0.94955,1.49572325,1.22299767
20,0.9,0.73403,0.825280964,0.908449769
21,0.92,0.76459,0.922553062,0.960496247
22,0.96,0.6282,0.434930623,0.659492671
23,0.92,0.75674,0.753538132,0.868065774
24,0.88,0.76012,0.742202044,0.861511469
25,0.84,0.93092,1.14531696,1.07019484
26,0.88,0.83268,0.765845716,0.875126123
27,0.9,0.75301,0.683352351,0.826651275
28,0.92,0.74799,0.70816648,0.84152627
29,0.9,0.70059,0.744663179,0.862938702
30,0.96,0.66648,0.405129164,0.636497557
31,0.88,0.7191,0.725568533,0.851803124
32,0.9,0.77197,0.650325119,0.80642736
33,0.86,0.8231,1.04097092,1.02027977
34,0.9,0.82183,0.879559755,0.937848449
35,0.86,0.86974,1.20116985,1.09597898
36,0.9,0.81113,1.12187445,1.05918574
37,0.92,0.70458,0.778730154,0.882456899
38,0.9,0.70637,0.574194312,0.757756114
39,0.86,0.83677,1.00394559,1.00197077
40,0.92,0.83003,0.733665824,0.856542945
41,0.86,0.89157,1.14905,1.07193744
42,0.96,0.73845,0.547371626,0.739845634
43,0.92,0.68284,0.527098477,0.726015449
44,0.94,0.62305,0.504845977,0.710525155
45,0.92,0.72957,0.628255486,0.792625725
46,0.94,0.71628,0.643642724,0.802273512
47,0.92,0.73908,0.730172873,0.854501545
48,0.88,0.94279,1.33987224,1.15752852
49,0.88,0.79848,0.780800998,0.883629441
50,0.9,0.84702,1.19968438,1.09530103
51,0.88,0.74452,0.742066801,0.86143297
52,0.94,0.68939,0.499628633,0.706844151
53,0.9,0.71552,0.762410998,0.873161495
54,0.92,0.72604,0.564006746,0.751003802
55,0.86,0.81864,0.863673866,0.929340541
56,0.86,0.81474,0.697102964,0.834926903
57,0.92,0.76359,0.8141312,0.902292192
58,0.92,0.66694,0.522612691,0.722919583
59,0.92,0.7151,0.493101746,0.702212036
60,0.88,0.73295,0.788133204,0.887768686
61,0.96,0.71385,0.559505939,0.748001277
62,0.9,0.796,0.722042263,0.84973067
63,0.88,0.90338,1.58683622,1.25969684
64,0.9,0.7821,0.960213304,0.979904771
65,0.88,0.83542,1.18153667,1.08698511
66,0.9,0.69594,0.661476851,0.813312232
67,0.9,0.65663,0.441647053,0.664565325
68,0.88,0.7532,0.803933918,0.896623611
69,0.86,0.85145,0.851546288,0.922792673
70,0.9,0.83749,0.894764006,0.945919633
71,0.9,0.83798,0.940439165,0.969762444
72,0.88,0.75297,0.574896157,0.758219063
73,0.92,0.64908,0.422569424,0.650053382
74,0.96,0.6374,0.470288783,0.685776055
75,0.92,0.7099,0.569608152,0.754723907
76,0.92,0.74714,0.722473025,0.849984109
77,0.86,0.88321,1.06555331,1.03225636
78,0.92,0.83313,0.96081996,0.980214238
79,0.84,0.82417,0.937157094,0.968068779
80,0.82,0.85565,0.990311384,0.99514389
81,0.92,0.73026,0.701418579,0.837507367
82,0.9,0.75377,0.747238278,0.864429414
83,0.88,0.77038,0.863809347,0.929413438
84,0.82,0.86473,0.996776998,0.998387218
85,0.9,0.859,0.959489465,0.979535341
86,0.86,0.77106,0.609245956,0.780542076
87,0.92,0.71907,0.706246078,0.840384483
88,0.88,0.71296,0.628914595,0.793041348
89,0.94,0.72643,0.746730983,0.864135981
90,0.88,0.86934,0.925054729,0.961797655
91,0.92,0.73696,0.556132078,0.745742619
92,0.9,0.93919,1.75616086,1.32520223
93,0.86,0.83154,0.978986561,0.989437521
94,0.88,0.73417,0.67871964,0.823844433
95,0.92,0.76128,1.02503943,1.01244235
96,0.9,0.72238,0.574134648,0.757716715
97,0.92,0.72565,0.711277902,0.843372941
98,0.9,0.77861,0.811636269,0.900908589
99,0.9,0.8105,0.683293581,0.826615751
100,0.86,0.89885,0.969129562,0.984443784
101,0.84,0.8374,0.798196554,0.893418491
102,0.92,0.76001,0.760903656,0.872297883
103,0.92,0.66655,0.619895101,0.787334144
104,0.92,0.6646,0.505570173,0.711034596
105,0.96,0.69916,0.663099945,0.814309478
106,0.9,0.79046,0.756768823,0.869924605
107,0.88,0.80445,0.803451538,0.896354616
108,0.9,0.79988,1.10610342,1.05171454
109,0.82,0.85087,0.857584298,0.926058471
110,0.88,0.89703,1.30033565,1.14032257
111,0.9,0.73704,0.641579926,0.800986826
112,0.9,0.69358,0.57572186,0.758763373
113,0.88,0.7681,0.704414189,0.839293838
114,0.86,0.84653,0.912560105,0.955280125
115,0.92,0.78382,0.597424924,0.772932708
116,0.88,0.77368,0.639315665,0.79957217
117,0.9,0.73816,0.62825799,0.792627275
118,0.98,0.61777,0.544719398,0.738051116
119,0.94,0.67362,0.685494781,0.827946126
120,0.88,0.76165,0.56570524,0.752133787
,,,,
-------------------------------------------------------------------------------------------------,,,,
time, convergence factor, orbit distance average, orbit distance variance, orbit distance std dev
1,0.04,41.221,429.501831,20.7244263
2,0.08,33.768,398.347839,19.9586525
3,0.12,26.627,354.668152,18.8326359
4,0.26,20.242,289.3703,17.0108871
5,0.34,14.613,214.906113,14.6596766
6,0.42,9.9241,141.553787,11.8976374
7,0.52,6.3197,81.8459549,9.04687595
8,0.62,4.1532,39.8027611,6.30894279
9,0.58,2.8482,16.5602474,4.06942844
10,0.7,1.968,5.68243074,2.38378501
11,0.84,1.1831,2.24468422,1.498227
12,0.86,1.1689,2.34582806,1.53160965
13,0.86,0.87381,1.2128216,1.10128176
14,0.92,0.71257,0.878048003,0.937042177
15,0.88,0.7813,1.00011456,1.00005734
16,0.94,0.73951,0.654196322,0.808824062
17,0.84,0.76054,0.661999583,0.813633561
18,0.92,0.82141,0.709094644,0.842077553
19,0.88,0.80097,1.12512708,1.06072009
20,0.9,0.62985,0.484002084,0.695702612
21,0.92,0.6526,0.540400922,0.735119641
22,0.94,0.65038,0.4340038,0.658789635
23,0.94,0.79243,0.686136723,0.828333676
24,0.92,0.72645,0.639358044,0.799598694
25,0.92,0.6621,0.537331104,0.73302871
26,0.9,0.60995,0.533819795,0.730629742
27,0.94,0.70713,0.512741864,0.716059983
28,0.9,0.78286,0.73487103,0.85724622
29,0.9,0.80124,0.859977186,0.927349508
30,0.88,0.71015,0.663201332,0.814371705
31,0.98,0.61021,0.417413324,0.646075308
32,0.9,0.70219,0.597763658,0.773151755
33,0.9,0.81135,0.857235491,0.925870121
34,0.88,0.86279,1.27959228,1.13119066
35,0.92,0.68004,0.540645301,0.735285819
36,0.96,0.62673,0.625893652,0.791134417
37,0.9,0.74122,0.699000895,0.836062729
38,0.92,0.71808,0.452385902,0.672596395
39,0.9,0.7667,0.660144329,0.812492669
40,0.88,0.76914,0.786066055,0.886603653
41,0.94,0.63257,0.443923742,0.666276038
42,0.94,0.64607,0.444300622,0.666558802
43,0.94,0.69999,0.464292794,0.681390345
44,0.92,0.74417,0.803831398,0.896566451
45,0.92,0.70578,0.683695316,0.826858699
46,0.96,0.62925,0.411447108,0.641441464
47,0.9,0.78516,0.849933267,0.921918273
48,0.92,0.78412,0.598302662,0.773500264
49,0.9,0.80374,0.700422525,0.836912513
50,0.94,0.7135,0.736182272,0.85801065
51,0.9,0.67385,0.641256392,0.800784886
52,0.92,0.64137,0.412578136,0.642322421
53,0.86,0.82957,0.800579965,0.89475131
54,0.88,0.81831,0.765814364,0.875108182
55,0.9,0.74835,0.765306592,0.874818027
56,0.92,0.65862,0.566785693,0.752851725
57,0.9,0.7529,0.8903144,0.943564713
58,0.88,0.79194,0.704595387,0.839401782
59,0.88,0.76927,0.617932558,0.786086857
60,0.92,0.70306,0.644565701,0.802848458
61,0.92,0.71535,0.67229867,0.819938242
62,0.92,0.70468,0.531564713,0.729084849
63,0.9,0.79977,0.779063225,0.882645607
64,0.9,0.7451,0.521709442,0.722294569
65,0.94,0.6851,0.768028378,0.876372278
66,0.94,0.64347,0.609680355,0.78082031
67,0.9,0.74483,0.745206296,0.863253355
68,0.88,0.75478,0.637438893,0.79839772
69,0.86,0.81544,0.740825415,0.860712171
70,0.94,0.71931,0.464591324,0.681609333
71,0.9,0.68059,0.810368836,0.900204897
72,0.92,0.65741,0.555483401,0.745307565
73,0.88,0.74937,0.672595799,0.820119381
74,0.88,0.73921,0.623806477,0.789814174
75,0.96,0.66337,0.381676078,0.617799401
76,0.94,0.68647,0.667475343,0.816991627
77,0.88,0.7441,0.669527769,0.818246782
78,0.86,0.88479,1.22958088,1.10886467
79,0.88,0.85449,0.778935492,0.882573187
80,0.96,0.63362,0.426063687,0.652735531
81,0.92,0.66603,0.654942572,0.809285223
82,0.96,0.62558,0.458672494,0.677253664
83,0.88,0.7893,0.907339334,0.952543616
84,0.9,0.82825,0.88731885,0.94197607
85,0.88,0.75609,0.659318149,0.811984062
86,0.96,0.64345,0.56503886,0.751690686
87,0.9,0.67377,0.567655206,0.753428936
88,0.92,0.74359,0.694929004,0.833624005
89,0.9,0.74395,0.86651665,0.930868745
90,0.9,0.74355,0.625948191,0.791168869
91,0.92,0.67088,0.454621553,0.674256325
92,0.92,0.66092,0.657709122,0.810992658
93,0.94,0.75598,0.889647424,0.943211257
94,0.84,0.81301,0.873977959,0.934867859
95,0.92,0.69155,0.538198233,0.733619928
96,0.94,0.67678,0.740138292,0.860312939
97,0.92,0.6496,0.536282539,0.732313156
98,0.92,0.75569,0.628094375,0.79252404
99,0.88,0.79255,0.826768816,0.90926832
100,0.92,0.80217,0.809404075,0.899668872
101,0.88,0.70458,0.671313167,0.81933707
102,0.96,0.57517,0.363709718,0.603083491
103,0.9,0.7134,0.679471016,0.824300349
104,0.9,0.79976,0.817440093,0.904123962
105,0.9,0.78698,0.812509835,0.901393294
106,0.94,0.67902,0.551291406,0.742489994
107,0.96,0.62201,0.561427116,0.749284387
108,0.88,0.85248,1.25317478,1.11945283
109,0.9,0.79283,0.843389571,0.918362439
110,0.88,0.75633,0.720766068,0.848979414
111,0.9,0.7042,0.628820598,0.792982101
112,0.92,0.65356,0.468770802,0.684668422
113,0.96,0.67127,0.541991889,0.736200988
114,0.96,0.76826,0.480913877,0.693479538
115,0.96,0.76262,0.730434358,0.854654551
116,0.92,0.64521,0.567943454,0.753620207
117,0.94,0.70364,0.761099041,0.87240988
118,0.94,0.6763,0.539286554,0.734361291
119,0.96,0.70327,0.486187935,0.697271764
120,0.96,0.76389,0.886030853,0.941292107
,,,,
-------------------------------------------------------------------------------------------------,,,,
time, convergence factor, orbit distance average, orbit distance variance, orbit distance std dev
1,0.06,38.013,482.01712,21.9548893
2,0.18,30.858,428.033783,20.6889782
3,0.22,24.436,347.084351,18.6301994
4,0.24,18.495,266.237793,16.3167953
5,0.3,13.197,190.178284,13.790514
6,0.44,8.9033,121.024765,11.0011253
7,0.52,5.9418,65.7789307,8.11042118
8,0.6,3.6129,29.3330288,5.41599751
9,0.64,2.64,13.4492855,3.66732669
10,0.62,2.1778,7.03260756,2.65190649
11,0.7,2.227,6.58336306,2.56580639
12,0.76,1.7265,4.73209906,2.17533875
13,0.86,1.4212,5.55246115,2.35636616
14,0.8,1.4216,6.67905807,2.5843873
15,0.78,1.2518,4.38386726,2.0937686
16,0.86,1.156,3.15520072,1.77628851
17,0.82,1.3266,4.38634205,2.09435964
18,0.8,1.4225,5.31488991,2.30540442
19,0.8,1.167,3.76880527,1.94134104
20,0.8,1.2376,2.58934522,1.60914421
21,0.8,1.0605,1.11412096,1.05551922
22,0.88,0.85412,0.725589514,0.851815403
23,0.88,0.84376,0.823507309,0.907473028
24,0.92,0.77699,0.588603616,0.76720506
25,0.86,0.84231,0.774842978,0.880251646
26,0.86,0.88851,0.952903986,0.976168036
27,0.86,0.98509,1.14964855,1.07221663
28,0.82,0.89455,0.824357927,0.90794158
29,0.88,0.82484,0.87542516,0.935641587
30,0.92,0.85163,1.2212435,1.10509884
31,0.86,0.86741,0.779341459,0.882803142
32,0.9,0.88705,1.04665673,1.02306247
33,0.86,0.87535,0.940728486,0.969911575
34,0.88,0.9222,0.883704245,0.94005543
35,0.84,0.87698,0.827767551,0.909817338
36,0.88,0.8578,0.825468183,0.908552825
37,0.9,0.7728,0.534848869,0.731333613
38,0.9,0.79638,0.693208396,0.832591355
39,0.9,0.85019,1.02510798,1.01247621
40,0.84,0.85042,0.719383776,0.848164916
41,0.84,0.99016,1.22275257,1.10578144
42,0.86,1.0219,1.6381799,1.27991402
43,0.88,0.95143,0.975318789,0.987582326
44,0.86,0.91935,1.57997549,1.25697076
45,0.88,0.9118,0.97129029,0.985540569
46,0.88,0.85021,0.780635536,0.883535802
47,0.86,0.95903,1.05122459,1.02529252
48,0.84,0.8888,0.791061044,0.889416099
49,0.84,0.9408,0.827350616,0.909588158
50,0.86,0.8553,0.775607705,0.880685925
51,0.86,0.83392,0.732918501,0.856106579
52,0.88,0.87322,0.943688631,0.971436381
53,0.86,0.80902,0.850896597,0.922440588
54,0.9,0.85513,0.906030118,0.951856136
55,0.84,0.84556,0.899181902,0.948252022
56,0.82,0.99608,1.43876088,1.19948351
57,0.8,0.9661,1.28470051,1.13344634
58,0.88,0.85606,0.874593735,0.935197175
59,0.84,0.92464,1.05151284,1.02543306
60,0.9,0.85777,0.814540446,0.902518928
61,0.88,0.89832,0.89093715,0.943894684
62,0.88,0.9093,0.905177653,0.951408267
63,0.88,0.88832,0.856752634,0.925609291
64,0.82,0.92517,0.978480935,0.989181936
65,0.86,0.84338,0.856592834,0.925522983
66,0.84,0.8639,0.893805861,0.945413053
67,0.84,0.79761,0.806991518,0.898327053
68,0.88,0.84681,0.715542793,0.845897615
69,0.86,0.83665,0.692534864,0.832186818
70,0.86,0.92245,0.9408319,0.969964862
71,0.86,0.96904,1.25262141,1.11920571
72,0.82,0.91624,1.03666878,1.01816928
73,0.86,0.81247,0.674744844,0.821428537
74,0.88,0.84363,0.94429785,0.971749902
75,0.86,0.84179,1.02907765,1.0144347
76,0.88,0.81533,0.751425266,0.866847873
77,0.86,0.93437,1.15879619,1.07647395
78,0.88,0.86831,0.921603203,0.960001647
79,0.84,0.99498,1.168383,1.08091772
80,0.9,0.88851,0.815040171,0.902795732
81,0.92,0.86809,0.885272145,0.94088906
82,0.88,0.86129,0.898073018,0.947667122
83,0.9,0.83688,0.841043711,0.917084336
84,0.84,0.87934,0.930680156,0.964717686
85,0.82,0.97333,1.02986991,1.01482511
86,0.82,0.93187,1.01513958,1.00754142
87,0.84,0.90281,0.812733114,0.901517093
88,0.86,0.82354,0.735137939,0.857401848
89,0.88,0.83926,0.744531453,0.862862349
90,0.86,0.85299,0.704014003,0.839055419
91,0.82,0.91851,0.893110394,0.945045173
92,0.82,0.92286,0.860078573,0.927404225
93,0.86,0.86641,0.73984164,0.860140443
94,0.84,0.93861,1.19643056,1.09381461
95,0.94,0.75199,0.565116286,0.751742184
96,0.9,0.85231,0.931160092,0.964966357
97,0.92,0.73485,0.717631519,0.847131371
98,0.86,0.87856,0.92451036,0.961514652
99,0.82,0.84932,0.844166756,0.918785453
100,0.84,0.97612,1.28790545,1.1348592
101,0.82,1.0545,1.42485297,1.19367206
102,0.86,0.91546,0.997392297,0.998695314
103,0.88,0.92191,1.340011,1.15758848
104,0.9,0.83269,0.75149864,0.866890252
105,0.84,0.88265,0.94440496,0.971804976
106,0.84,0.90167,0.961204648,0.980410457
107,0.82,0.89676,0.785870612,0.886493444
108,0.84,0.88468,0.842018843,0.917615831
109,0.86,0.89847,1.08378422,1.0410496
110,0.86,0.805,0.689610302,0.830427766
111,0.86,0.8446,0.991298318,0.995639682
112,0.86,0.81933,0.684889495,0.827580512
113,0.88,0.90675,1.01449716,1.00722253
114,0.88,0.80586,0.629683137,0.793525755
115,0.84,0.9824,1.32656884,1.15176773
116,0.88,0.89073,1.20823109,1.09919572
117,0.86,0.89324,1.0574348,1.0283165
118,0.86,0.85426,1.14565468,1.07035267
119,0.92,0.79901,0.835235894,0.913912416
120,0.84,0.91474,1.02097523,1.0104332
,,,,
-------------------------------------------------------------------------------------------------,,,,
time, convergence factor, orbit distance average, orbit distance variance, orbit distance std dev
1,0.08,38.635,432.982056,20.8082199
2,0.1,31.471,380.139221,19.49716
3,0.16,24.524,328.013641,18.1111469
4,0.2,17.995,271.099518,16.4650993
5,0.38,12.316,210.030029,14.4924126
6,0.52,8.338,142.779846,11.9490519
7,0.64,5.3667,86.2395554,9.28652573
8,0.66,3.8244,46.6023827,6.82659388
9,0.56,3.4339,24.796627,4.97962141
10,0.64,2.4255,11.7933044,3.43413806
11,0.74,1.9801,9.23917103,3.03960037
12,0.8,1.8883,9.5295372,3.08699489
13,0.78,1.664,8.05760956,2.83859277
14,0.88,1.0569,2.39307833,1.54695785
15,0.82,0.98666,2.05575705,1.43379116
16,0.94,0.70787,0.610912561,0.781608939
17,0.98,0.63241,0.341532439,0.584407747
18,0.92,0.72013,0.550411701,0.741897345
19,0.9,0.81036,0.76420933,0.874190688
20,0.92,0.94237,1.22107732,1.10502362
21,0.9,0.86919,0.965581,0.982639849
22,0.92,0.87024,1.32642639,1.15170586
23,0.88,0.78506,0.751510024,0.866896808
24,0.92,0.65423,0.538610697,0.733901024
25,0.86,0.80178,0.829316914,0.910668373
26,0.92,0.78489,0.85940218,0.927039504
27,0.88,0.79482,0.802036405,0.895564854
28,0.86,0.76981,0.697997153,0.835462213
29,0.94,0.71391,0.463997781,0.681173801
30,0.9,0.71485,0.731586695,0.855328441
31,0.92,0.7166,0.527263045,0.726128817
32,0.84,0.8181,0.894578397,0.945821524
33,0.9,0.75402,0.623814166,0.789819062
34,0.88,0.91883,1.19807351,1.09456539
35,0.9,0.81058,0.868025959,0.93167913
36,0.88,0.79314,0.770771027,0.877935648
37,0.94,0.77692,1.08917451,1.04363525
38,0.86,0.76731,0.578175545,0.76037854
39,0.84,0.80229,0.807580352,0.898654759
40,0.88,0.80539,0.748923242,0.865403533
41,0.92,0.8128,0.864732683,0.929910004
42,0.94,0.81287,0.750998437,0.866601646
43,0.86,0.83774,0.841516376,0.917342007
44,0.9,0.77696,0.760960579,0.872330546
45,0.94,0.79422,0.766956389,0.875760436
46,0.88,0.73801,0.766996384,0.875783265
47,0.92,0.76028,0.802627683,0.895894885
48,0.9,0.74553,0.673178911,0.820474803
49,0.9,0.77582,0.59854573,0.773657382
50,0.88,0.80231,0.630619287,0.794115424
51,0.88,0.7567,0.713871717,0.84490931
52,0.88,0.86326,1.05646753,1.0278461
53,0.92,0.68593,0.616371155,0.785093069
54,0.88,0.79897,0.786502957,0.886849999
55,0.86,0.81361,0.856131017,0.925273478
56,0.94,0.76376,0.735317647,0.857506633
57,0.9,0.86448,0.979795873,0.989846408
58,0.88,0.8016,0.865445971,0.9302935
59,0.92,0.79546,0.742343545,0.861593604
60,0.92,0.70296,0.534975469,0.731420159
61,0.9,0.76357,0.657531917,0.810883403
62,0.88,0.83577,0.860631049,0.92770201
63,0.9,0.81404,0.947296262,0.973291457
64,0.86,0.92193,1.37475705,1.17250037
65,0.98,0.69026,0.42521745,0.652086973
66,0.88,0.83187,0.880589426,0.938397229
67,0.88,0.76039,0.680603266,0.824986815
68,0.86,0.82334,0.971844435,0.985821664
69,0.88,0.76372,0.700751364,0.83710891
70,0.88,0.80786,0.9192186,0.958758891
71,0.9,0.81492,0.7516101,0.866954505
72,0.9,0.80265,0.644425094,0.802760899
73,0.92,0.77212,0.714898348,0.845516622
74,0.9,0.75704,0.570607066,0.755385399
75,0.9,0.73422,0.766510606,0.875505924
76,0.92,0.72172,0.548907459,0.740882874
77,0.9,0.79029,0.887477398,0.942060173
78,0.9,0.76817,0.670566857,0.818881452
79,0.88,0.89643,1.36829305,1.16974056
80,0.88,0.80141,0.748178482,0.864973128
81,0.92,0.75688,0.529212952,0.727470219
82,0.88,0.76199,0.797396839,0.8929708
83,0.92,0.73349,0.485201418,0.696564019
84,0.9,0.75414,0.868070483,0.931703031
85,0.88,0.81961,0.682668686,0.826237679
86,0.92,0.77221,0.731295764,0.855158329
87,0.92,0.82696,0.889235437,0.942992806
88,0.9,0.83271,0.84599179,0.919778109
89,0.86,0.77254,0.8492347,0.921539307
90,0.94,0.75418,0.486826926,0.697729826
91,0.9,0.70416,0.683310032,0.826625705
92,0.9,0.80906,0.585707545,0.765315354
93,0.86,0.75654,0.673397541,0.82060802
94,0.82,0.88943,1.13091278,1.06344378
95,0.92,0.79872,0.818021178,0.904445231
96,0.86,0.79472,0.915302396,0.956714392
97,0.9,0.79989,0.73238641,0.855795801
98,0.92,0.68608,0.634687901,0.796673059
99,0.94,0.8161,0.845442057,0.919479191
100,0.9,0.78715,0.84188813,0.917544603
101,0.88,0.85166,0.677575409,0.823149681
102,0.88,0.77629,0.683564007,0.826779306
103,0.88,0.75375,0.725414276,0.851712525
104,0.92,0.79691,0.67490685,0.821527123
105,0.88,0.73923,0.753786922,0.868209004
106,0.9,0.81688,0.780210614,0.883295298
107,0.92,0.76211,0.771155715,0.878154695
108,0.94,0.81374,0.637153745,0.798219085
109,0.88,0.81545,0.786299944,0.886735559
110,0.9,0.78364,0.644652605,0.802902579
111,0.9,0.8809,1.28169942,1.13212168
112,0.9,0.72452,0.724032223,0.850900829
113,0.94,0.79821,0.781577587,0.884068787
114,0.9,0.79391,0.962213993,0.980925083
115,0.88,0.8436,0.860433996,0.927595854
116,0.9,0.79509,0.724478304,0.85116291
117,0.9,0.7205,0.561946392,0.749630868
118,0.9,0.78551,0.715226531,0.845710635
119,0.92,0.67505,0.475851029,0.689819574
120,0.92,0.81172,0.829878271,0.910976529
,,,,
-------------------------------------------------------------------------------------------------,,,,
time, convergence factor, orbit distance average, orbit distance variance, orbit distance std dev
1,0.06,43.263,472.968445,21.7478371
2,0.08,35.979,428.176941,20.6924362
3,0.14,29.127,361.827057,19.0217533
4,0.24,22.601,291.417847,17.0709648
5,0.26,16.682,214.714523,14.6531401
6,0.36,11.493,145.229752,12.0511312
7,0.48,7.2667,84.9022675,9.21424294
8,0.5,4.5123,41.305687,6.42694998
9,0.6,2.9186,18.7897511,4.33471489
10,0.48,2.5684,8.52374458,2.91954517
11,0.68,1.7343,4.36279964,2.08873153
12,0.76,1.5135,3.23452187,1.79847765
13,0.82,1.3345,4.74940348,2.17931271
14,0.78,1.4782,6.36225748,2.5223515
15,0.72,2.0862,12.433465,3.52611184
16,0.72,2.1568,10.350543,3.21722603
17,0.84,1.1595,2.66566396,1.63268614
18,0.9,0.81238,0.748118043,0.8649382
19,0.9,0.90058,0.823200226,0.90730381
20,0.82,0.9329,0.786128044,0.886638582
21,0.76,1.2777,2.09083343,1.44597149
22,0.84,1.0148,1.18160093,1.08701468
23,0.84,1.0202,1.27473676,1.12904239
24,0.88,0.86983,0.725699484,0.851879954
25,0.9,0.94438,1.62591016,1.27511179
26,0.86,0.90237,1.1114167,1.05423748
27,0.86,1.0023,1.16465509,1.07919192
28,0.82,1.1209,1.41698647,1.19037235
29,0.84,0.97768,1.04391575,1.02172196
30,0.86,0.83314,0.829560816,0.910802305
31,0.88,0.78652,0.779104352,0.882668912
32,0.88,0.91134,1.02528775,1.0125649
33,0.88,0.84221,0.833877385,0.913168848
34,0.86,0.99562,0.948572695,0.973946989
35,0.86,0.91899,0.83472997,0.913635552
36,0.84,1.0134,1.17368913,1.08336937
37,0.8,0.92985,1.25096226,1.11846423
38,0.86,0.91059,1.23456025,1.11110771
39,0.86,0.86565,0.994791567,0.997392356
40,0.86,0.91182,0.983258486,0.991593897
41,0.8,1.0524,1.43447721,1.19769669
42,0.8,1.1082,1.72772491,1.31442952
43,0.82,1.1137,1.45482469,1.20616114
44,0.84,0.94039,1.11120713,1.05413806
45,0.9,0.86191,0.719590247,0.848286629
46,0.88,0.81761,0.81780082,0.904323399
47,0.82,0.84263,0.875901341,0.935895979
48,0.84,0.9439,0.953443587,0.976444364
49,0.84,0.94327,1.0251435,1.01249373
50,0.84,0.95155,1.00185597,1.00092757
51,0.84,0.99469,1.09357333,1.0457406
52,0.86,0.9135,1.08084977,1.03963923
53,0.92,0.89487,1.00711572,1.0035516
54,0.82,0.86554,0.959796667,0.979692101
55,0.86,0.92694,1.12140274,1.05896306
56,0.84,0.98606,0.930222631,0.964480519
57,0.84,1.0047,1.08175087,1.04007256
58,0.78,0.96909,0.953029037,0.976232052
59,0.88,0.86545,0.701563776,0.837594032
60,0.88,0.85129,0.841450334,0.917306006
61,0.88,0.84141,0.885116279,0.94080615
62,0.84,0.89103,0.851430655,0.922729969
63,0.88,0.89554,0.956757009,0.978139579
64,0.86,0.93306,0.738944113,0.859618604
65,0.84,1.0085,1.19976199,1.09533644
66,0.8,1.0459,1.78253925,1.3351177
67,0.88,0.96025,1.3504771,1.16210032
68,0.88,0.85283,1.2247566,1.10668719
69,0.9,0.90403,1.55168951,1.24566829
70,0.8,1.023,1.14737332,1.07115507
71,0.76,1.0495,1.19641352,1.09380686
72,0.8,1.1093,1.41163778,1.18812358
73,0.84,1.0243,1.49060082,1.22090161
74,0.88,0.85039,0.740700901,0.860639811
75,0.9,0.84041,0.854742765,0.924522996
76,0.86,0.81635,0.74074918,0.860667884
77,0.9,0.87786,0.955060244,0.977271855
78,0.82,0.89905,0.942486346,0.970817387
79,0.88,0.88385,0.758864045,0.871128023
80,0.88,0.99711,1.47219932,1.21334219
81,0.9,0.92667,0.976388097,0.988123536
82,0.86,0.86061,1.09749413,1.0476135
83,0.84,0.87928,0.95834589,0.978951395
84,0.86,0.91806,0.974774301,0.987306595
85,0.8,1.0124,1.41539443,1.18970346
86,0.86,1.0047,1.12707293,1.06163692
87,0.86,1.0917,1.64746797,1.28353727
88,0.86,0.95148,1.31277061,1.14576209
89,0.9,0.78903,0.628893137,0.793027818
90,0.86,0.83703,0.975410581,0.987628758
91,0.9,0.85357,0.79571116,0.892026424
92,0.88,0.91567,1.13783836,1.06669509
93,0.86,0.91276,0.779849708,0.883090973
94,0.82,0.99192,0.99129802,0.995639503
95,0.8,1.1099,1.72758007,1.31437445
96,0.84,0.99073,1.27290356,1.12823021
97,0.86,0.90798,1.61488831,1.27078259
98,0.9,0.81108,0.775896966,0.880850136
99,0.82,0.93997,1.16125393,1.0776149
100,0.8,1.0226,1.16616464,1.07989109
101,0.8,1.0803,1.615942,1.27119708
102,0.78,1.0671,1.41239297,1.1884414
103,0.9,0.85149,0.69241327,0.832113743
104,0.88,0.85512,0.727392375,0.852873027
105,0.92,0.84076,0.788154185,0.887780488
106,0.86,0.87724,0.884408176,0.940429747
107,0.84,0.95121,1.03066027,1.01521444
108,0.84,0.97638,0.89747113,0.947349548
109,0.9,0.91757,1.00779712,1.00389099
110,0.9,0.9637,1.20059192,1.09571528
111,0.86,0.91238,1.11876094,1.05771494
112,0.86,0.89962,1.25877464,1.12195122
113,0.9,0.82336,0.775600612,0.880681932
114,0.86,1.0195,1.52804875,1.23614264
115,0.86,0.95567,0.909743071,0.953804493
116,0.8,1.2008,1.76750946,1.32947719
117,0.8,1.0016,1.07181418,1.03528464
118,0.88,0.79486,0.613894701,0.783514321
119,0.88,0.83665,0.91393733,0.956000686
120,0.88,0.808,0.743899465,0.862496078
,,,,
-------------------------------------------------------------------------------------------------,,,,
time, convergence factor, orbit distance average, orbit distance variance, orbit distance std dev
1,0.02,44.051,416.774139,20.4150467
2,0.02,36.301,403.224518,20.080452
3,0.12,28.756,380.462219,19.5054398
4,0.2,22.208,316.171112,17.7812004
5,0.32,16.541,238.032318,15.4282961
6,0.4,11.775,160.814789,12.6812773
7,0.46,7.789,98.8985443,9.94477463
8,0.58,4.7543,53.8827057,7.34048414
9,0.68,2.9646,24.454586,4.94515753
10,0.74,1.7613,7.68097019,2.77145624
11,0.76,1.295,3.12330222,1.76728666
12,0.74,1.404,2.62568402,1.62039626
13,0.8,1.216,1.68783462,1.29916692
14,0.78,1.4773,5.31989861,2.30649042
15,0.84,1.1826,2.40275502,1.55008233
16,0.84,1.0038,1.90819216,1.38137329
17,0.78,1.2306,3.32555199,1.82360959
18,0.78,1.4431,6.74335575,2.59679723
19,0.84,1.2569,4.64868402,2.15608072
20,0.82,1.1603,2.22745466,1.49246597
21,0.82,0.98636,0.833655655,0.913047433
22,0.82,1.0796,1.18741584,1.08968616
23,0.86,0.87215,0.802980304,0.8960917
24,0.84,1.0194,1.58603239,1.25937784
25,0.94,0.7384,0.65765661,0.810960293
26,0.88,0.87315,0.872454166,0.934052587
27,0.88,0.91776,1.11690259,1.05683613
28,0.82,0.99388,1.03927469,1.01944816
29,0.8,1.0033,1.19003892,1.0908891
30,0.82,1.0464,1.57654345,1.25560486
31,0.84,0.99696,1.27804744,1.13050759
32,0.84,0.93779,1.54227829,1.24188495
33,0.84,0.89738,0.895989954,0.946567476
34,0.86,0.87389,1.04889905,1.02415776
35,0.9,0.89636,0.916435063,0.957306147
36,0.86,0.90383,0.972325563,0.986065686
37,0.88,0.94156,0.842690527,0.917981744
38,0.84,0.87232,0.902759969,0.950136781
39,0.86,0.83693,0.664276361,0.815031469
40,0.9,0.80631,0.849552393,0.921711683
41,0.9,0.7884,0.679143727,0.824101806
42,0.84,0.9778,1.1994307,1.09518528
43,0.86,0.95309,1.07134509,1.03505802
44,0.9,0.92974,0.714810908,0.845464885
45,0.88,0.95091,1.22714829,1.10776722
46,0.78,0.98365,1.09821308,1.04795659
47,0.88,0.87793,0.881556332,0.938912272
48,0.82,0.97072,1.0173074,1.00861657
49,0.86,0.83972,0.907252908,0.952498257
50,0.9,0.87493,0.76369983,0.873899221
51,0.82,0.95541,1.15093017,1.07281411
52,0.8,0.97399,0.973863125,0.986845016
53,0.88,0.84645,0.679330707,0.824215174
54,0.86,0.86338,0.729065776,0.853853464
55,0.86,0.81364,0.688234568,0.829599023
56,0.84,0.87442,0.828884721,0.910431087
57,0.84,0.89835,0.966913223,0.983317435
58,0.82,1.0386,1.44391346,1.20162952
59,0.84,0.97059,1.1564045,1.07536244
60,0.82,1.1216,2.12645221,1.45823598
61,0.88,0.93422,1.13507009,1.06539667
62,0.88,0.94419,1.1194551,1.058043
63,0.84,0.85882,0.945343137,0.972287595
64,0.84,0.94165,1.08372355,1.04102039
65,0.92,0.88455,0.778402448,0.882271171
66,0.82,1.0247,1.37805498,1.17390585
67,0.88,0.93469,1.00160301,1.00080121
68,0.88,0.90668,1.05829275,1.02873349
69,0.9,0.75977,0.632920682,0.795563102
70,0.9,0.85935,1.00037706,1.00018847
71,0.86,0.8101,0.832867444,0.912615716
72,0.84,0.95513,1.06650424,1.03271687
73,0.92,0.89196,0.828712881,0.910336673
74,0.84,0.94376,0.961320698,0.980469644
75,0.84,0.92067,1.01432562,1.0071373
76,0.84,1.0117,1.51540768,1.2310189
77,0.88,0.83736,0.810589731,0.900327563
78,0.88,0.82965,0.871363223,0.933468401
79,0.84,0.87717,0.857464552,0.9259938
80,0.86,0.9603,1.08135164,1.03988063
81,0.86,0.93857,0.781138897,0.883820653
82,0.82,0.99553,1.30383801,1.14185727
83,0.9,0.79797,0.582569957,0.763262689
84,0.86,0.90945,1.04988801,1.02464044
85,0.9,0.80939,0.598344564,0.773527384
86,0.84,0.92402,1.00425386,1.00212467
87,0.86,0.99193,1.14505064,1.07007039
88,0.82,0.97139,1.22911823,1.10865605
89,0.86,0.98903,1.392066,1.17985845
90,0.82,1.0207,1.52036536,1.23303092
91,0.86,0.94478,1.42808628,1.19502568
92,0.86,0.90013,1.0936693,1.0457865
93,0.88,0.88787,0.880239308,0.938210666
94,0.82,0.91305,1.01964843,1.00977647
95,0.8,1.017,1.03435302,1.01703143
96,0.86,0.96009,1.06063545,1.02987158
97,0.84,0.95799,1.03498042,1.01733983
98,0.9,0.83591,0.812610567,0.901449144
99,0.9,0.79805,0.744569719,0.862884521
100,0.9,0.81227,0.842796266,0.918039322
101,0.84,0.92962,0.973416448,0.986618698
102,0.88,0.94279,1.17013502,1.08172786
103,0.82,1.0051,0.848675609,0.921235919
104,0.86,1.0431,1.42708635,1.19460726
105,0.82,0.97993,1.07781363,1.03817797
106,0.9,0.94305,1.18569219,1.08889496
107,0.84,0.86438,0.84386152,0.918619335
108,0.88,0.8399,0.984972239,0.992457688
109,0.8,0.87014,0.776328266,0.881094933
110,0.84,0.93689,0.981907487,0.990912437
111,0.8,0.92564,0.903205991,0.950371504
112,0.86,0.86857,0.710837483,0.843111813
113,0.84,0.83851,0.716216624,0.846295834
114,0.88,0.79386,0.616342902,0.785075128
115,0.82,0.89711,0.775013745,0.880348682
116,0.86,0.98363,1.77515662,1.33235002
117,0.82,0.97723,1.01947856,1.00969231
118,0.86,0.89013,0.911096752,0.954513848
119,0.78,0.9629,1.11911476,1.05788219
120,0.86,0.92454,1.23149753,1.10972857
,,,,
-------------------------------------------------------------------------------------------------,,,,
time, convergence factor, orbit distance average, orbit distance variance, orbit distance std dev
1,0.08,42.49,476.649109,21.8322945
2,0.12,35.258,423.677551,20.5834293
3,0.14,28.242,366.81897,19.1525192
4,0.22,21.751,294.007965,17.1466599
5,0.34,15.834,219.596161,14.8187771
6,0.42,11.21,139.002838,11.7899466
7,0.5,7.3068,75.3894196,8.68270779
8,0.58,4.3579,32.5114021,5.70187712
9,0.66,2.4873,11.0533609,3.32465959
10,0.58,2.3751,5.57291412,2.36070204
11,0.68,1.9876,7.1122613,2.66688228
12,0.78,1.6699,6.10943985,2.47172809
13,0.82,1.0732,1.86845028,1.36691272
14,0.84,1.1225,2.25568199,1.50189281
15,0.86,0.86861,0.929454803,0.96408236
16,0.9,0.7797,0.663733602,0.814698458
17,0.92,0.78952,0.653608203,0.808460355
18,0.84,0.9101,0.929170489,0.963934898
19,0.82,0.92433,1.10310626,1.05028868
20,0.82,0.99207,1.45052648,1.20437801
21,0.88,0.72705,0.65770638,0.810990989
22,0.9,0.6546,0.60814631,0.77983737
23,0.92,0.8174,0.888990223,0.942862809
24,0.88,0.86409,0.864604533,0.929841101
25,0.92,0.87444,0.85326314,0.923722446
26,0.86,0.89688,1.02138388,1.01063538
27,0.88,0.8646,0.73383683,0.856642783
28,0.86,0.85652,0.963642955,0.981653214
29,0.9,0.80081,0.709960043,0.842591286
30,0.9,0.80863,0.882531464,0.939431429
31,0.9,0.73926,0.695446908,0.833934605
32,0.9,0.75578,0.683498144,0.82673949
33,0.88,0.84323,0.837306857,0.915044725
34,0.84,0.902,1.00000501,1.0000025
35,0.92,0.93328,1.78977001,1.33782291
36,0.88,0.8083,0.855083108,0.924706995
37,0.92,0.72286,0.665387213,0.81571269
38,0.9,0.71613,0.581090868,0.76229316
39,0.86,0.89876,0.934866607,0.966884971
40,0.86,0.85353,0.876275241,0.936095715
41,0.86,0.91743,0.971043706,0.985415518
42,0.84,0.8522,0.859605312,0.927148998
43,0.96,0.71115,0.386382699,0.621596873
44,0.88,0.76063,0.763216376,0.873622537
45,0.9,0.72677,0.561724663,0.74948293
46,0.9,0.79708,0.886674941,0.941634178
47,0.9,0.77916,0.662736714,0.814086437
48,0.86,0.91637,1.10726702,1.05226755
49,0.9,0.94446,1.39597595,1.18151426
50,0.86,0.96686,1.46734035,1.21133828
51,0.9,0.73796,0.667307973,0.816889167
52,0.88,0.76926,0.744423449,0.862799764
53,0.96,0.72579,0.629699528,0.793536067
54,0.82,0.85619,0.981539786,0.990726888
55,0.88,0.92959,1.15184236,1.07323921
56,0.88,0.89143,0.930775046,0.96476686
57,0.92,0.82628,0.807676315,0.898708165
58,0.88,0.81366,0.856883705,0.925680161
59,0.94,0.72104,0.477875173,0.691285133
60,0.9,0.74411,0.783134699,0.884948969
61,0.92,0.72585,0.477125585,0.690742791
62,0.92,0.79444,0.719058394,0.847973108
63,0.8,0.88425,0.849089384,0.92146045
64,0.84,0.97658,1.25760615,1.1214304
65,0.86,0.87233,1.12679207,1.0615046
66,0.9,0.7057,0.650444448,0.806501329
67,0.9,0.75409,0.72237432,0.849926054
68,0.96,0.67736,0.583844066,0.764096856
69,0.84,0.87386,0.958859563,0.979213774
70,0.82,1.0021,1.29236007,1.1368202
71,0.86,0.82995,0.736249447,0.85804981
72,0.86,0.8561,0.878292978,0.93717289
73,0.92,0.80177,0.693612039,0.832833707
74,0.92,0.72167,0.850255847,0.922093213
75,0.88,0.76441,0.702813268,0.838339567
76,0.92,0.84918,0.949973404,0.974665821
77,0.92,0.77998,0.67973429,0.82445997
78,0.88,0.88447,0.897115529,0.947161853
79,0.84,0.94285,1.40650713,1.18596256
80,0.94,0.76494,0.772650599,0.879005492
81,0.92,0.71785,0.61993897,0.787362039
82,0.88,0.71036,0.503807664,0.709794104
83,0.92,0.77688,0.700914443,0.837206304
84,0.76,0.99737,0.942155659,0.970647037
85,0.86,0.92498,1.22055352,1.10478663
86,0.86,0.84277,0.692284226,0.832036197
87,0.94,0.80576,0.707204401,0.840954423
88,0.92,0.75404,0.624889374,0.790499449
89,0.9,0.7727,0.853102446,0.923635483
90,0.92,0.71498,0.570630014,0.755400538
91,0.88,0.8459,0.951792955,0.975598752
92,0.84,0.84569,0.708415747,0.841674387
93,0.84,0.94553,0.934402287,0.966644883
94,0.84,0.98683,1.72160006,1.31209755
95,0.86,0.81097,0.663205266,0.814374149
96,0.9,0.74066,0.69609648,0.834324002
97,0.9,0.71583,0.627813816,0.792347014
98,0.86,0.8692,1.03080928,1.01528776
99,0.84,0.87343,0.82469964,0.908129752
100,0.86,0.87112,0.978869736,0.989378452
101,0.9,0.84918,0.693400204,0.832706571
102,0.9,0.83108,0.989683449,0.994828343
103,0.9,0.72277,0.551021636,0.742308319
104,0.9,0.7695,0.686736465,0.828695655
105,0.92,0.69834,0.559017718,0.747674882
106,0.88,0.80933,0.681007624,0.82523185
107,0.9,0.83326,0.747422159,0.864535809
108,0.82,1.0191,1.54996729,1.24497688
109,0.84,0.91788,1.32595026,1.15149915
110,0.9,0.79749,0.829468071,0.910751402
111,0.9,0.73528,0.698410809,0.835709751
112,0.88,0.7539,0.67213726,0.819839776
113,0.9,0.83774,1.00518024,1.00258672
114,0.84,0.89583,0.999063015,0.999531388
115,0.86,0.97647,1.16222632,1.07806599
116,0.92,0.76501,0.581822932,0.762773156
117,0.88,0.77138,0.686815321,0.828743219
118,0.92,0.7568,0.657348454,0.810770273
119,0.9,0.71097,0.697707951,0.835289121
120,0.9,0.75,0.625701368,0.791012883
,,,,
,,,,
,,average ,var,std dev
,,40.6962,436.1313537,20.88375813
,,33.3289,395.6254455,19.89033548
,,26.3739,340.249292,18.44584755
,,20.0102,271.5286132,16.47812529
,,14.4342,197.7347076,14.06181736
,,9.811,128.4551621,11.33380616
,,6.21672,72.85123635,8.535293571
,,3.84112,34.75200015,5.895082709
,,2.66952,15.71996331,3.964840893
,,2.0197,6.504058356,2.550305542
,,1.70838,5.118442822,2.262397583
,,1.384127,3.606244255,1.899011389
,,1.165925,3.044910026,1.744967056
,,1.075427,3.073416174,1.753116132
,,1.054767,2.884393448,1.698350213
,,0.989977,2.274333171,1.508089245
,,0.962456,1.786190323,1.336484315
,,1.004713,2.35292542,1.533924842
,,0.941709,2.026037103,1.423389301
,,0.916267,1.601667258,1.265569934
,,0.890525,1.168192354,1.080829475
,,0.832681,0.954359976,0.976913494
,,0.836779,0.835048443,0.913809851
,,0.817149,0.805469048,0.897479274
,,0.813095,0.861258876,0.928040342
,,0.800651,0.783674765,0.885254068
,,0.816211,0.812812031,0.901560886
,,0.858708,0.913234425,0.955632997
,,0.789422,0.748014543,0.86487834
,,0.783302,0.818530878,0.904726963
,,0.769583,0.711055171,0.843240874
,,0.813965,0.861611078,0.928230078
,,0.812886,0.817437002,0.904122227
,,0.861268,0.953380031,0.976411814
,,0.818535,0.906397671,0.952049196
,,0.803365,0.843812675,0.918592769
,,0.797061,0.852073801,0.923078437
,,0.78315,0.721233156,0.849254471
,,0.806251,0.779636404,0.882970217
,,0.796969,0.75951781,0.87150319
,,0.82539,0.846134144,0.919855502
,,0.850222,0.932883081,0.965858727
,,0.805865,0.755593458,0.86924879
,,0.781843,0.818582643,0.904755571
,,0.783935,0.732860457,0.856072694
,,0.793911,0.843251831,0.918287445
,,0.823699,0.854057145,0.924152122
,,0.855018,0.893167221,0.945075246
,,0.828335,0.867788428,0.931551624
,,0.799954,0.82030586,0.905707381
,,0.794226,0.832979435,0.91267707
,,0.805023,0.813952756,0.902193303
,,0.781475,0.726811346,0.852532314
,,0.796592,0.780254212,0.883319994
,,0.816526,0.847515399,0.920605995
,,0.824446,0.824325455,0.907923705
,,0.819295,0.877699303,0.936856074
,,0.830442,0.86104309,0.927924075
,,0.784492,0.694658462,0.833461734
,,0.784498,0.838254592,0.915562446
,,0.790851,0.708156363,0.841520269
,,0.830371,0.813701314,0.902053942
,,0.838971,0.914060438,0.95606508
,,0.82773,0.853863612,0.924047408
,,0.795741,0.849161952,0.921499838
,,0.809013,0.900201265,0.948789368
,,0.79092,0.79534539,0.891821389
,,0.810156,0.863615358,0.929309076
,,0.809867,0.836182988,0.914430417
,,0.833954,0.864454824,0.929760627
,,0.820452,0.848600421,0.921195105
,,0.834719,0.815481418,0.903040098
,,0.792136,0.779131761,0.882684406
,,0.761393,0.685717815,0.828080802
,,0.773686,0.743886024,0.862488275
,,0.798767,0.826273885,0.908996086
,,0.819583,0.87332053,0.934516201
,,0.827284,0.889884719,0.943337012
,,0.848112,0.934069776,0.966472853
,,0.79301,0.787792066,0.887576513
,,0.780339,0.699867031,0.836580559
,,0.794189,0.789067731,0.888294844
,,0.800266,0.736733896,0.858332043
,,0.839672,0.865396463,0.930266878
,,0.821822,0.812313417,0.901284315
,,0.794057,0.751177561,0.866705002
,,0.817245,0.823381179,0.907403537
,,0.800576,0.804830236,0.897123311
,,0.789601,0.82921316,0.910611421
,,0.795851,0.762772835,0.873368671
,,0.79576,0.797327754,0.89293211
,,0.834405,0.909972973,0.953925035
,,0.82976,0.833126458,0.912757612
,,0.845772,0.965734058,0.98271769
,,0.814377,0.853178465,0.923676602
,,0.80444,0.873130125,0.934414322
,,0.782194,0.807391316,0.898549562
,,0.790237,0.771698284,0.878463593
,,0.815011,0.787373162,0.887340499
,,0.831301,0.879399782,0.93776318
,,0.831598,0.851249147,0.922631642
,,0.808202,0.81678355,0.903760781
,,0.789769,0.726619124,0.852419571
,,0.805645,0.773653519,0.879575761
,,0.794582,0.835563565,0.914091661
,,0.821706,0.82136594,0.906292414
,,0.802987,0.770409661,0.877729834
,,0.856162,0.979542721,0.989718506
,,0.829442,0.911274724,0.954607105
,,0.810224,0.862744475,0.928840392
,,0.794251,0.831651995,0.911949557
,,0.776124,0.760821628,0.872250898
,,0.806472,0.783307057,0.885046359
,,0.818839,0.783427283,0.885114277
,,0.834462,0.861490083,0.928164901
,,0.833002,0.959716606,0.979651268
,,0.792267,0.752136702,0.867258152
,,0.769374,0.727591375,0.852989669
,,0.771095,0.752520797,0.867479566
,,0.803701,0.842507172,0.917881895
